<?xml version="1.0" encoding="UTF-8"?>
<!DOCTYPE hibernate-configuration PUBLIC
"-//Hibernate/Hibernate Configuration DTD//EN"
"http://hibernate.sourceforge.net/hibernate-configuration-3.0.dtd">
<hibernate-configuration>
	<session-factory>
		<property name="hibernate.connection.driver_class">oracle.jdbc.driver.OracleDriver</property>
		<property name="hibernate.connection.url">jdbc:oracle:thin:@127.0.0.1:1521:XE</property>
		<property name="hibernate.connection.username">HR</property>
		<property name="hibernate.connection.password">password</property>
		<property name="hibernate.connection.pool_size">250</property>
		<property name="show_sql">true</property>
		<property name="dialect">org.hibernate.dialect.OracleDialect</property>
		<property name="hibernate.hbm2ddl.auto">create</property>
		<!-- Mapping files -->
		<mapping class="com.cts.EventMaster" />
		<mapping class="com.cts.CustomerMaster" />
		<mapping class="com.cts.booking.entity.Event" />
		<mapping class="com.cts.booking.entity.Booking" />
		<mapping class="com.cts.booking.entity.Customer" />
		<mapping class="com.cts.booking.entity.NewCustomer" />
		<mapping class="com.cts.booking.entity.ExistingCustomer" />
		<mapping class="com.cts.booking.entity.Location" />
	</session-factory>
</hibernate-configuration>