<?xml version="1.0" encoding="UTF-8"?>
<!DOCTYPE hibernate-mapping PUBLIC 
    "-//Hibernate/Hibernate Mapping DTD 3.0//EN"
    "http://hibernate.sourceforge.net/hibernate-mapping-3.0.dtd">
<hibernate-mapping>
  <class name="com.prash.beans.Room" table="Room">
	   <id name="roomno" type="int" column="Room_no" >
	   <generator class="identity"/>
	  </id>
     
	  <property name="location">
		 <column name="location" />
	  </property>
	  
	 <property name="capacity">
		 <column name="capacity" />
	  </property>
	  
	  	 <property name="machine_avl">
		 <column name="machine_avl" />
	  </property>
	  
	   <property name="proj_avl">
		 <column name="proj_avl" />
	  </property>
	  
   </class>  

</hibernate-mapping>